Product SKU	Product Name	Product Description	Model
33172	EXPO LOW ODOR FINE	EXPO LOW ODOR FINE	
62170	Duracell AAA NiMH Battery 4Pack DX2400B	Duracell AAA NiMH Battery, 4/Pack (DX2400B4N001)	DX2400B4N001
62171	DURACELL ION RECHA	DURACELL ION RECHA	
62171	Duracell AA NiMH Battery, rechargeable, 4/Pack (DX1500B4N001)	Duracell AA NiMH Battery, rechargeable, 4/Pack (DX1500B4N001)	DX1500B4N001
62171	Duracell AA NiMH Battery rechargeable 4	Duracell AA NiMH Battery, rechargeable, 4/Pack (DX1500B4N001)	DX1500B4N001
69092	Brother LC1032PKS Black High Yield Ink Cartridge, 2/Pack	Brother LC1032PKS Black High Yield Ink Cartridge, 2/Pack	LC1032PKS
69092	Brother LC1032PKS Black High Yield Ink	Brother LC1032PKS Black High Yield Ink Cartridge, 2/Pack	LC1032PKS
102400	CHARM ULTR STRNG 1	Charmin Ultra Strong Mega Toilet Paper, 2-ply, White, 220 Sheets/Roll, 18 Rolls/Case (11055/15704)	11055/15704
122374	HAMMERMILL 20/92 1	Hammermill Copy Plus 8.5" x 11" Copy Paper, 20 lbs., 92 Brightness, 5000 Sheets/Carton (105007)	105007CT/27061
122408	HAMMERMILL 20/92 1	Hammermill Copy Plus 8.5" x 11" Copy Paper, 20 lbs., 92 Brightness, 500 Sheets/Ream (105007)	105007/27062
125328	Sharpie Permanent Marker, Fine Tip, Black, 12/Pack (30001)	Sharpie Permanent Marker, Fine Tip, Black, 12/Pack (30001)	30001
126465	STPLS FLLR RNFRCD	Staples Wide Ruled Filler Paper, 8" x 10.5", White, 100 Sheets/Pack (ST23904G)	ST23904G
126465	Staples Wide Ruled Filler Paper, 8" x 10.5", White, 100 Sheets/Pack (ST23904G)	Staples Wide Ruled Filler Paper, 8" x 10.5", White, 100 Sheets/Pack (ST23904G)	ST23904G
134708	Glad Zipper Sandwich Bags, 50 Bags/Box (57263)	Glad Zipper Sandwich Bags, 50 Bags/Box (57263)	57263
147220	Brother TN-221 Black Standard Yield Toner Cartridge   (TN221BK)	Brother TN-221 Black Standard Yield Toner Cartridge (TN221BK)	TN221BK
166769	COLOR CODE 3/4IN D	Avery Laser/Inkjet Color-Coding Labels, 3/4" Dia, Dark Blue, 1,008 Labels/Pack (5469)	13955/5469
211540	Scotch Magic Invisible Clear Tape With Dispenser, 0.75" x 18 yds., 1" Core, Transparent, 6 Rolls/Pack (6122)		
220061	BATTERY ELECTRNC D	Duracell 2032 3V Lithium Coin Battery, 4/Pack (DL2032B4PK05)	DL2032B4PK05
265574	AIRHEADS XTREMES B	Airheads Xtremes Rainbow Berry  Bites, 6 oz (AHXBITES12)	AHXBITES12
300053	#10 SEC WHT 20LB G	Mead Security Tinted #10 Business Envelopes, 4-1/8" x 9-1/2", White, 40/Pack (75214)	75214
300525	CRAYOLA 12CT COLOR	Crayola Colored Pencils, Assorted Colors, 12/Box (68-4012)	68-4012
300525	Crayola Colored Pencils, Assorted Colors, 12/Box (68-4012)	Crayola Colored Pencils, Assorted Colors, 12/Box (68-4012)	68-4012
304155	HEAVY DUTY 20X20X2	24" x 20" x 20" Heavy Duty Shipping Boxes (ST55958)	ST55958
319320	SOUR PATCH KIDS 3.	Sour Patch Kids Assorted Gummy Candy, 3.5 oz, 12/Box (SPK12)	SPK12
319324	SOUR PATCH WATERME	Cadbury Adams Sour Patch Watermelon, 3.5 oz. Theater Box, 12 Packs/Order	SPW12
324568	Master Lock Combination Padlock (1530DCM)	Master Lock Combination Padlock (1530DCM)	Q1530DCM
369657	CLOROX DISINFCT WI	Clorox Disinfecting Wipes Value Pack, Fresh Scent and Crisp Lemon Scent, 35 Wipes/Container, 3/Pack (CLO 30112)	CLO 30112
374177	$200 VISA + $6.95	$200 VISA + $6.95	
380981	SPEC ORDER SOFTWAR	SPEC ORDER SOFTWAR	
384143	Staples Mechanical Pencil, 0.5mm, #2 Soft Lead, Dozen (10942-CC)	Staples Mechanical Pencil, 0.5mm, #2 Soft Lead, Dozen (10942-CC)	
390664	Scott 1-Ply Standard Toilet Paper, White, 1000 Sheets/Roll, 12 Rolls/Case (10060)	Scott 1-Ply Standard Toilet Paper, White, 1000 Sheets/Roll, 12 Rolls/Case (10060)	10060
395705	POSTIT 3X3 CANARY	Post-it Notes, 3" x 3", Canary Collection, 50 Sheet/Pad, 4 Pads/Pack (5400)	5400
421175	STPLS COMP POLY WR	Staples® Poly Composition Notebook, 7.5" x 9.75", Wide Ruled, 80 Sheets, Color chosen at random (ST54890)	ST54890C
421222	PPM ERASERMATE BP	Paper Mate Eraser Mate Erasable Ballpoint Pen, Medium Point, Black Ink, 5/Pack (3163558PP)	316-35
481034	Sharpie Permanent Marker, Ultra Fine Tip, Assorted, 12/Pack (37175PP)	Sharpie Permanent Marker, Ultra Fine Tip, Assorted, 12/Pack (37175PP)	37175PP
482898	GLAD DS TRASH BAGS	Glad 13 Gallon Trash Bag, 8.5"x8.5", Low Density, .72 mil, White, 100 Bags/Box (CLO 78526)	CLO 78526
482898	Glad 13 Gallon Trash Bag, 8.5"x8.5", Low Density, .72 mil, White, 100 Bags/Box (CLO 78526)	Glad 13 Gallon Trash Bag, 8.5"x8.5", Low Density, .72 mil, White, 100 Bags/Box (CLO 78526)	CLO 78526
483636	EXPO CHISEL LO STA	Expo Tank Dry Erase Marker, Chisel Tip, Assorted Colors, Starter Set/Kit (80653)	80653
485949	Scotch Foam Double-Sided Mounting Tape, 1" x 12.5 yds., Gray (4011-LONG)	Scotch Foam Double-Sided Mounting Tape, 1" x 12.5 yds., Gray (4011-LONG)	4011-LONG
485949	SCOTCH INT/EXT MNT	Scotch Foam Double-Sided Mounting Tape, 1" x 12.5 yds., Gray (4011-LONG)	4011-LONG
485999	FELLOWES FOOTREST	Fellowes Standard Footrest, Graphite (48121)	48121
485999	Fellowes Standard Footrests, Graphite (48121)	Fellowes Standard Footrest, Graphite (48121)	48121
486110	5-TAB INSERT POLY	5-TAB INSERT POLY	
487264	BROTHER 12MM BK/SL	Brother P-touch M-931 Label Maker Tape, 1/2" x 26-2/10', Black on Silver (M-931)	M931
491831	8-TAB INSERT POLY	8-TAB INSERT POLY	
503573	COPPERTOP 9 VOLT B	Duracell Coppertop 9V Alkaline Battery, 4/Pack (MN16RT4Z)	MN16RT4Z
505711	TICONDEROGA YELLOW	Ticonderoga The World's Best Pencil Wooden Pencil, 2.2mm, #2 Soft Lead, 24/Pack (X13924X)	X13924X
517212	DYMO BLACK ON CLEA	DYMO LetraTag 16952 Label Maker Tape, 1/2" x 13', Black on Clear (16952)	16952
596837	PRISMACOLOR 24CT P	PRISMACOLOR 24CT P	
616319	CLOROX DSNFCT WIPE	CloroxPro Disinfecting Wipes, Fresh Scent, 75 Wipes/Container (15949)	15949
616319	CloroxPro Disinfecting Wipes, Fresh Scent, 75 Count (15949)	CloroxPro Disinfecting Wipes, Fresh Scent, 75 Wipes/Container (15949)	15949
616321	CloroxPro Disinfecting Wipes, Lemon Fresh, 75 Wipes/Container (15948)	CloroxPro Disinfecting Wipes, Lemon Fresh, 75 Wipes/Container (15948)	15948
616321	CLOROX DSNFCT WIPE	CloroxPro Disinfecting Wipes, Lemon Fresh, 75 Wipes/Container (15948)	15948
616321	CloroxPro Clorox Disinfecting Wipes, Lemon Fresh, 75 Wipes/Container (15948)	CloroxPro Disinfecting Wipes, Lemon Fresh, 75 Wipes/Container (15948)	15948
648822	Staples 2" 3-Ring Better Binder, D-Ring, Black (ST55871-CC)	Staples 2" 3-Ring Better Binder, D-Ring, Black (ST55871-CC)	ST55871-CC
658961	Staples 1-Subject Composition Notebooks, 3.25" x 4.5", College Ruled, 80 Sheets, Assorted Colors, 2/Pack (ST17501C)	Staples 1-Subject Composition Notebooks, 3.25" x 4.5", College Ruled, 80 Sheets, Assorted Colors, 2/Pack (ST17501C)	ST17501C
712654	BioTuf 6064 Gallon Compostable Industri	BioTuf 60-64 Gallon Compostable Industrial Trash Bag, 47" x 60", Low Density, 1 Mil, Green, 5 Rolls (Y9460YE R01)	Y9460YE R01
742293	16X12X10 RECTANGLE	16 " x 12 " x 10 " Shipping Box, 32 ECT, Brown (10023)	ST55961
742295	24X16X10 LARGE REC	24" x 10" x 16" Shipping Boxes (ST55963)	ST55963
750834	SCOTCH HD TAPE 18P	Scotch Heavy Duty Packing Tape, 1.88" x 54.6 yds., Clear, 18/Pack (385018CP)	385018CP
777587	Staples Personal Folding Table, 25.5"L x 17.8"W, Gray (79143)	Staples® 25.5" x 17.8" Heavy Duty Folding Table, White Granite (79143)	79143
784551	Logitech M325S Wireless Ambidextrous Optical USB Mouse, Black (910-006825)	Logitech M325S Wireless Ambidextrous Optical USB Mouse, Black (910-006825)	910-007523
812375	Scott Essential Recycled Coreless Toilet Paper, 2-Ply, White, 1000 Sheets/Roll, 36 Rolls/Case (04007)	Scott Essential Recycled Coreless Toilet Paper, 2-Ply, White, 1000 Sheets/Roll, 36 Rolls/Case (04007)	4007
865670	Green Mountain Dark Magic Coffee Keurig	Green Mountain Dark Magic Coffee Keurig® K-Cup® Pods, Dark Roast, 96/Carton (4061)	4061
865670	Green Mountain Dark Magic Coffee Keurig® K-Cup® Pods, Dark Roast, 96/Carton (4061)	Green Mountain Dark Magic Coffee Keurig® K-Cup® Pods, Dark Roast, 96/Carton (4061)	4061
866681	Scotch-Brite Non-Scratch Dishwand Refill, Blue, 2/Pack (483-12)	Scotch-Brite Non-Scratch Dishwand Refill, Blue, 2/Pack (483-12)	483-12
897518	SCOTCH SHIPPING TA	Scotch Heavy Duty Packing Tape, 1.88" x 43.7 yds., Clear, 6/Pack (3850-40-6)	3850-40-6
901974	EVIAN 1LITER 12PK	Evian Natural Spring Water, 33.8 oz., 12 Bottles/Pack (EVI10000)	EVI10000
901988	9X12 CLEAR CLASP E	Staples #10 1/2 Kraft Catalog Envelope, 9" x 12", Kraft, 10/Pack (SPL901988)	SPL901988
912462	STPLS COMP ASST CO	Staples 1-Subject Composition Notebook, 7.5" x 9.75", Wide Ruled, 100 Sheets, Color chosen at random (ST55077C)	ST55077C
919350	Staples 1-Subject Composition Notebook, 7.5" x 9.75", College Ruled, 100 Sheets, Black (ST55064C)	Staples 1-Subject Composition Notebook, 7.5" x 9.75", College Ruled, 100 Sheets, Black (ST55064C)	ST55064C
927192	Sony Headphones, Black (MDRZX110/BLK)	Sony Headphones, Black (MDRZX110/BLK)	MDRZX110/BLK
927192	SONY MDRZX110/BLAC	Sony Headphones, Black (MDRZX110/BLK)	MDRZX110/BLK
952621	Brother LC103 Black High Yield Ink Cartridge (LC103BKS)	Brother LC103 Black High Yield Ink Cartridge (LC103BKS)	LC103BKS
1306463	Staples 3" 3-Ring Non-View Binder, Red (ST26589-CC)		
1508051	STYLE EDGE INST PO	STYLE EDGE INST PO	
1635472	Green Mountain Dark Magic Coffee Keurig® K-Cup® Pods, Dark Roast, 48/Box (81911/15171)	Green Mountain Dark Magic Coffee Keurig® K-Cup® Pods, Dark Roast, 48/Box (81911/15171)	5000356566
1635472	KCUP GM DK MAGIC B	Green Mountain Dark Magic Coffee Keurig® K-Cup® Pods, Dark Roast, 48/Box (81911/15171)	5000356566
1666504	KCUP CAFE BUSTELO	Cafe Bustelo 100% Colombian Coffee Keurig® K-Cup® Pods, Medium Roast, 24/Box (6107)	5000330301
1668032	Lysol Mold & Mildew Remover, 1 Quart, Trigger Spray Bottle (1920078915)	Lysol Mold & Mildew Remover, 1 Quart, Trigger Spray Bottle (1920078915)	1920078915
1669041	SPLS KRAFT PAD MAI	6.75 x 9 Self-Sealing Bubble Mailer (56563)	ST56563
1989257	12X9X9 RECTANGLE B	12" x 9" x 9" Shipping Boxes (ST55968)	ST55968
1990399	HP 65 Black Standard Yield Ink Cartridge (N9K02AN#140)	HP 65 Black Standard Yield Ink Cartridge, Prints Up to 120 Pages (N9K02AN#140)	N9K02AN#140
2056103	PRISMA 8CT MAGNA I	PRISMA 8CT MAGNA I	
2087610	HASBRO GRAB & GO G	Hasbro® Grab & Go Game, Assorted (B1004)	B1004
2091512	KCUP DUNKIN ORIG 4	Dunkin' Original Blend Coffee Keurig® K-Cup® Pods, Medium Roast, 44/Box (006933)	5000380570
2091512	Dunkin' Original Blend Coffee Keurig® K-Cup® Pods, Medium Roast, 44/Box (006933)	Dunkin' Original Blend Coffee Keurig® K-Cup® Pods, Medium Roast, 44/Box (006933)	5000380570
2097860	FIVE STAR ADV STAY	Five Star 2-Pocket Fastener Folder, Assorted Colors (34030)	34030
2097860	Five Star 2-Pocket Fastener Folder, Assorted Colors (34030)	Five Star 2-Pocket Fastener Folder, Assorted Colors (34030)	34030
2244739	BROTHER P-TOUCH PT	Brother P-Touch PTM95 Portable Label Maker	PTM95
2400385	Staples Plus Membership	Staples Plus Membership	CLUBMEM.COM
2440104	CloroxPro Tilex Disinfecting Instant Mo	CloroxPro Tilex Disinfecting Instant Mold and Mildew Remover Spray, 32 Fluid Ounces, Pack of 9 (35600)	35600CT
2518072	KCUP DUNKIN ORIG 2	Dunkin' Original Blend Coffee Keurig® K-Cup® Pods, Medium Roast, 22/Box (400845)	5000380509
2548675	RB WAVE STANDARD D	Rocketbook Wave 1-Subject Smart Notebook, 8.5" x 9.5", Dotted, 40 Sheets, Blue (WAV-S-K-A)	WAV-S-K-A
2638592	Sharpie Magnum Tank Permanent Marker, Chisel Tip, Black, 12/Pack (44001A)	Sharpie Magnum Tank Permanent Marker, Chisel Tip, Black, 12/Pack (44001A)	44001A
2646682	Dunkin Original Blend Coffee Keurig KCu	Dunkin' Original Blend Coffee Keurig® K-Cup® Pods, Medium Roast, 88/Carton (400845)	400845
2646682	Dunkin' Original Blend Coffee Keurig® K-Cup® Pods, Medium Roast, 88/Carton (400845)	Dunkin' Original Blend Coffee Keurig® K-Cup® Pods, Medium Roast, 88/Carton (400845)	400845
2711216	DURACELL 2450 3 VO	Duracell 2450 Lithium Battery (DL2450BPK)	DL2450BPK
2724231	Honeywell Fire & Waterproof Safe Chest with Carry Handle (1533)	Honeywell Fire & Waterproof Safe Chest with Carry Handle (1533)	1533
2724258	HP 64XL Black High Yield Ink Cartridge (N9J92AN#140), print up to 600 pages	HP 64XL Black High Yield Ink Cartridge, Prints Up to 600 Pages (N9J92AN#140)	N9J92AN#140
2724259	HP 64XL Tri-Color High Yield Ink Cartridge (N9J91AN#140), print up to 415 pages	HP 64XL Tri-Color High Yield Ink Cartridge, Prints Up to 415 Pages (N9J91AN#140)	N9J91AN#140
2759018	MONOPOLY CLASSIC W	Hasbro Monopoly New Edition Classic Board Game (HG-C1009)	C1009
2773034	12 INCH BEVELED WO	Staples 12" Wooden Standard Imperial Scale Ruler, Wooden (51881-CC)	ST51881-CC
2837194	Smead ETYJ Color Coding Labels 34 x 1 1	Smead ETYJ Color Coding Labels, 3/4" x 1 1/2", Light Blue with White Numerals, 500/Roll (68318)	68318
2841782	Kennedy International Simplify Open Lid Storage Bin, Chocolate (25091-CHOCO-ST)	Kennedy International Simplify Open Lid Storage Bin, Chocolate (25091-CHOCO-ST)	25091-CHOCO-ST
2841782	WOVEN STRAP LG ESP	Kennedy International Simplify Open Lid Storage Bin, Chocolate (25091-CHOCO-ST)	25091-CHOCO-ST
2847075	BOUNTY SAS DOUBLE	Bounty Select-A-Size Double Roll Paper Towels, 2-ply, 82 Sheets/Roll, 12 Rolls/Pack (66541/06130)	57053/61305
2855093	FIVESTAR SPORTS PO	Five Star Sports 3-Hole Punched 4-Pocket Folder, Assorted Colors (33176)	33176KBF
24297267	Staples 3-Hole Punched 2-Pocket Plastic Portfolio Folder, Red (ST52803-CC)	Staples 3-Hole Punched 2-Pocket Plastic Portfolio Folder, Red (ST52803-CC)	52803
24297346	HI-CHEW ORIG MIX 3	HI-CHEW ORIG MIX 3	
24330742	Scotch-Brite Heavy Duty Dishwand, Green/Yellow (650-4)	Scotch-Brite Heavy Duty Dishwand, Green/Yellow (650-4)	650-4
24337466	BUTTER COOKIE TIN	BUTTER COOKIE TIN	
24339497	Brother TN-223 Black Standard Yield Toner Cartridge, Print Up to 1,400 Pages (TN223BK)	Brother TN-223 Black Standard Yield Toner Cartridge, Print Up to 1,400 Pages (TN223BK)	TN223BK
24339497	Brother TN-223 Black Standard Yield Toner Cartridge, Print Up to 1,400 Pages   (TN223BK)	Brother TN-223 Black Standard Yield Toner Cartridge, Print Up to 1,400 Pages (TN223BK)	TN223BK
24339497	Brother TN223 Black Standard Yield Tone	Brother TN-223 Black Standard Yield Toner Cartridge, Print Up to 1,400 Pages (TN223BK)	TN223BK
24339498	Brother TN-227 Black High Yield Toner Cartridge, Print Up to 3,000 Pages (TN227BK)	Brother TN-227 Black High Yield Toner Cartridge, Print Up to 3,000 Pages (TN227BK)	TN227BK
24339498	BROTHER TN227 HI-Y	Brother TN-227 Black High Yield Toner Cartridge, Print Up to 3,000 Pages (TN227BK)	TN227BK
24364269	CD CURSIVE WRITING	Handwriting: Cursive for Elementary	405023MCM
24376608	TRU RED™ Pen Permanent Markers, Fine Tip, Red, 12/Pack (TR54539)	TRU RED™ Permanent Marker, Fine Tip, Red, 12/Pack (TR54539)	TR54539
24386254	Staples Matte 2-Pocket Plastic Portfolio Folder with Fasteners, Red (ST55473-CC)	Staples Matte 2-Pocket Plastic Portfolio Folder with Fasteners, Red (ST55473-CC)	ST55473-CC
24386258	Staples Matte 2-Pocket Plastic Portfolio Folder with Fasteners, Yellow (55475)	Staples Matte 2-Pocket Plastic Portfolio Folder with Fasteners, Yellow (55475)	ST55475-CC
24386262	Staples Matte 2-Pocket Plastic Portfolio Folder with Fasteners, Teal (55478)	Staples Matte 2-Pocket Plastic Portfolio Folder with Fasteners, Teal (55478)	55478
24386263	Staples Matte 2-Pocket Plastic Portfolio Folder with Fasteners, Blue (ST55477-CC)	Staples Matte 2-Pocket Plastic Portfolio Folder with Fasteners, Blue (ST55477-CC)	ST55477-CC
24386293	2 PCKT HD PLYPORT	Staples Matte 2-Pocket Plastic Portfolio Folder with Fasteners, Orange (ST55474-CC)	ST55474-CC
24386294	Staples Matte 2-Pocket Plastic Portfolio Folder with Fasteners, Green (ST55476-CC)	Staples Matte 2-Pocket Plastic Portfolio Folder with Fasteners, Green (ST55476-CC)	ST55476-CC
24387349	HD 4 PCKT PPR FLDR	Staples 3-Hole Punched 4-Pocket Paper Presentation Folder, Teal (ST56215-CC)	ST56215-CC
24387496	SISTEMA SALAD	Newell Sistema To Go Salad Container, Clear, 37 oz. (21356ZS)	21356ZS
24387496	Newell Sistema Salad Container, Clear (21356ZS)	Newell Sistema To Go Salad Container, Clear, 37 oz. (21356ZS)	21356ZS
24388008	Dap Kwik Seal Ultra Premium Siliconized Kitchen & Bath Sealant, 10.1 oz., Clear (7079818898)	Dap Kwik Seal Ultra Premium Siliconized Kitchen & Bath Sealant, 10.1 oz., Clear (7079818898)	7079818898
24392195	Westcott 8" Titanium Multi-Purpose/Heavy Duty Scissor, Blunt Tip, Navy (17509)	Westcott 8" Titanium Multi-Purpose/Heavy Duty Scissor, Blunt Tip, Navy (17509)	17509
24392195	8IN TITANIUM LITE	Westcott 8" Titanium Multi-Purpose/Heavy Duty Scissor, Blunt Tip, Navy (17509)	17509
24394952	12CT PRISMA WATERC	12CT PRISMA WATERC	
24401670	Brother TN-223 Black/Cyan/Magenta/Yellow Standard Yield Toner Cartridge, Up to 1,400 Pages, 4/Pack (TN2234PK)	Brother TN-223 Black/Cyan/Magenta/Yellow Standard Yield Toner Cartridge, 4/Pack (TN2234PK)	TN2234PK
24401670	Brother TN223 BlackCyanMagentaYellow St	Brother TN-223 Black/Cyan/Magenta/Yellow Standard Yield Toner Cartridge, 4/Pack (TN2234PK)	TN2234PK
24401678	BROTHER TN4313PK	Brother TN-431 Cyan/Magenta/Yellow Standard Yield Toner Cartridge, 3/Pack (TN4313PK)	TN4313PK
24401678	Brother TN-431 Cyan/Magenta/Yellow Standard Yield Toner Cartridge, Up to 1,800 Pages, 3/Pack (TN4313PK)	Brother TN-431 Cyan/Magenta/Yellow Standard Yield Toner Cartridge, 3/Pack (TN4313PK)	TN4313PK
24401678	Brother TN-431 Cyan/Magenta/Yellow Standard Yield Toner Cartridge, 3/Pack  (TN4313PK)	Brother TN-431 Cyan/Magenta/Yellow Standard Yield Toner Cartridge, 3/Pack (TN4313PK)	TN4313PK
24401678	Brother TN-431 Cyan/Magenta/Yellow Standard Yield Toner Cartridge, 3/Pack (TN4313PK)	Brother TN-431 Cyan/Magenta/Yellow Standard Yield Toner Cartridge, 3/Pack (TN4313PK)	TN4313PK
24401679	Brother TN-221 Cyan/Magenta/Yellow Standard Yield Toner Cartridge, Up to 1,400 Pages, 3/Pack  (TN2213PK)	Brother TN-221 Cyan/Magenta/Yellow Standard Yield Toner Cartridge, 3/Pack  (TN2213PK)	TN2213PK
24401679	Brother TN-221 Cyan/Magenta/Yellow Standard Yield Toner Cartridge, Up to 1,400 Pages, 3/Pack (TN2213PK)	Brother TN-221 Cyan/Magenta/Yellow Standard Yield Toner Cartridge, 3/Pack  (TN2213PK)	TN2213PK
24401679	Brother TN221 CyanMagentaYellow Standar	Brother TN-221 Cyan/Magenta/Yellow Standard Yield Toner Cartridge, 3/Pack  (TN2213PK)	TN2213PK
24403551	HP 202X Cyan/Magenta/Yellow High Yield Toner Cartridge, 3/Pack  (CF500XM)	HP 202X Cyan/Magenta/Yellow High Yield Toner Cartridge, 3/Pack (CF500XM)	CF500XM
24405521	Coastwide Professional™ J-Series Duo Bath Tissue Dispenser, Black/Metallic (CWJ2BT-S)	Coastwide Professional™ J-Series Duo Bath Tissue Dispenser, Black/Metallic (CWJ2BT-S)	CWJ2BT-S-CC
24405972	Coastwide Professional™ J-Series 1-Ply Small Core Bath Tissue, White, 3000 Sheets/Roll, 18 Rolls/Carton (CWJBT-3000)	Coastwide Professional™ J-Series 1-Ply Small Core Bath Tissue, White, 3000 Sheets/Roll, 18 Rolls/Carton (CWJBT-3000)	
24405972	Coastwide Professional JSeries 1Ply Sma	Coastwide Professional JSeries 1Ply Sma	
24413845	3D DISPLAY BOARD 3	3D DISPLAY BOARD 3	
24416458	Baseline Permanent Markers, Fine Tip, Blue, 12/Pack (BL58129)	Baseline Permanent Markers, Fine Tip, Blue, 12/Pack (BL58129)	
24417303	Baseline Retractable Ballpoint Pens, Medium Point, Black Ink, Dozen (BL58253)	Baseline Retractable Ballpoint Pens, Medium Point, Black Ink, Dozen (BL58253)	
24418178	TR PLSTC STPLR 10S	TRU RED™ Mini Desktop Stapler, 10-Sheet Capacity, Black (TR58084)	TR58084
24418185	TR PLSTC STPLR CMB	TRU RED™ Desktop Stapler Kit, 20-Sheet Capacity, Black (TR58081)	TR58081
24418465	Coastwide Professional™ 20" Toilet Plunger, Black (CW60568)	Coastwide Professional™ 20" Toilet Plunger, Black (CW60568)	CW60568-CC
24420005	Coastwide Professional™ 36" Lobby Broom, Gray (CW61069-CC)	Coastwide Professional™ 36" Lobby Broom, Gray (CW61069-CC)	CW61069-CC
24420229	PIGMENT LINER 0.5M	PIGMENT LINER 0.5M	
24421012	CLOROX DISINFCT BA	Clorox Bathroom Disinfecting Cleaner, Original Scent, 30 fl. oz. (08033)	8033
24424014	TR PREM 3SUBNB 8X1	TR PREM 3SUBNB 8X1	
24428037	STAPLES 3/16 BUBBL	Staples 3/16" Bubble Roll, 12" x 30', Clear (ST59152)	ST59152
24428037	STAPLES 3/16 BUBBL		
24428041	STAPLES 3/16 BBL R	Staples 3/16" Bubble Roll, 12" x 200', Clear (ST59156)	ST59156
24428785	Brother TN8502PK Black Toner High Yield Cartridge, Print Up to 8,000 Pages, 2/Pack	Brother TN-850 Black Toner High Yield Cartridge, 2/Pack (TN8502PK)	TN8502PK
24429055	STAPLES 5/16 BBL R	Staples 5/16" Bubble Roll, 12" x 125', Clear (ST59158)	ST59158
24431692	MSKN CLSSC RLD XL	Moleskine Classic Professional Notebooks, 7.5" x 9.75", Narrow Ruled, 192 Sheets, Hydrangea Blue (851014)	851014
24439529	WHITE TRIFOLD FOAM	WHITE TRIFOLD FOAM	
24448550	Elkay Water Soluble Bag, 36" x 39", Transparent Green, 100/Box (WSB2633)	Elkay Water Soluble Bag, 36" x 39", Transparent Green, 100/Box (WSB2633)	
24452173	PUFFS ULT SFT FACI	Puffs Ultra Soft Facial Tissues, 124 Tissues/Box, 3 Boxes/Pack (35520)	35520
24453272	j5create USB-C Super Charger, Black (JUP2290)	j5create USB-C Super Charger, Black (JUP2290)	JUP2290
24453272	J5 100W USBC SUPER	j5create USB-C Super Charger, Black (JUP2290)	JUP2290
24459955	HP 134x Black High Yield Toner Cartridge (W1340X)	HP 134x Black High Yield Toner Cartridge, Prints Up to 2,400 pages (W1340X)	W1340X
24461600	JLab Studio On-Ear Headphones, Black (HASTUDIORBLK4)	JLab Studio On-Ear Headphones, Black (HASTUDIORBLK4)	HASTUDIORBLK4
24461600	JLAB STUDIO ONEAR	JLab Studio On-Ear Headphones, Black (HASTUDIORBLK4)	HASTUDIORBLK4
24462152	Smead ETS 2021 Color-Coded Year Label, 0.5” x 1", White/Blue, 25 Labels/Sheet, 10 Sheets/Pack, 250 Labels/Pack (67921)	Smead ETS 2021 Color-Coded Year Label, 0.5” x 1", White/Blue, 25 Labels/Sheet, 10 Sheets/Pack, 250 Labels/Pack (67921)	67921
24463350	Avery Water-Resistant Laser/Inkjet ID Labels, 1-1/4" x 3-1/2", Assorted Border Colors, 4 Labels/Sheet, 20 Labels/Pack (41413)	Avery Water-Resistant Laser/Inkjet ID Labels on 4" x 6" Sheets, 1-1/4" x 3-1/2", Assorted Border Colors, 20 Labels/Pack (41413)	41413
24474492	FIVESTAR BINDER XL	Five Star Zipper Mesh Pouch, Black/Gray/Green/Yellow/Red/Blue/Pink (50782)	50782
24476692	ELMERS GLUE STICKS	Elmer's Jumbo School Glue Washable Glue Sticks, 0.77 oz. (E578)	E578
24479671	Scott 1-Ply Standard Toilet Paper, White, 1000 Sheets/Roll, 32 Rolls/Case (49209)	Scott Toilet Paper, 1-ply, White, 32,000 Sheets/Roll, 32 Rolls/Case (49209)	49209/54350
24484507	RING QUICK RELEASE	Ring Quick-Release Replacement Battery for Ring Video Doorbell 2 (8AB1S7-0EN0)	5892396
24488838	Scotch-Brite Soap Control Non-Scratch Dishwand, Blue (451U-4)	Scotch-Brite Soap Control Non-Scratch Dishwand, Blue (451U-4)	451U-4
24489891	APPLE AIRTAG 1-PAC	Apple AirTag Bluetooth Tracker (MX532AM/A)	MX532AM/A
24489892	APPLE AIRTAG 4-PAC	Apple AirTag Tracker, 4/Pack (MX542AM/A)	MX542AM/A
24490936	MIND THE GAP GAME	MIND THE GAP GAME	
24491722	PLAYSTATION 5 CONS	PLAYSTATION 5 CONS	
24516904	SIGNATURE M650L RE	Logitech Signature M650 L Wireless Ergonomic Optical Mouse, Classic Red (910-006358)	910-006358
24520586	TP-LINK AX4400 WI-	TP-LINK Archer AX4400 Dual Band MU-MIMO Gaming Router, Black (ARCHER AX4400)	ARCHER AX4400
24520588	TP-LINK AX1500 WI-	TP-LINK Archer AX1500 Dual Band MU-MIMO Gaming Router, Black (ARCHER AX1500)	ARCHER AX1500
24523425	COMMAND ADJ SPRG C	COMMAND ADJ SPRG C	
24525832	KLEENEX ANTI VIRAL	Kleenex Antiviral Facial Tissue, 3-ply, 55 Tissues/Box, 4 Boxes/Pack (54506)	54506
24547868	Scrubbing bubbles Bubbly Bleach Gel Disinfecting Toilet Bowl Cleaner, Rainshower Scent, 24 Oz. (309106)	Scrubbing bubbles Bubbly Bleach Gel Disinfecting Toilet Bowl Cleaner, Rainshower Scent, 24 Oz. (309106)	
24549771	Sharpie S-Gel Retractable Gel Pen, Medium Point, Assorted Ink, Dozen (2129832)	Sharpie S-Gel Retractable Gel Pen, Medium Point, Assorted Ink, Dozen (2129832)	2129832
24552240	Cascade Original ActionPacs Dishwashing Detergent, Fresh Scent, 105 Pods/Box (3700028028)	Cascade Original ActionPacs Dishwashing Detergent, Fresh Scent, 105 Pods/Box (3700028028)	3700028028
24552240	CASC AP FR SC 105C	Cascade Original ActionPacs Dishwashing Detergent, Fresh Scent, 105 Pods/Box (3700028028)	3700028028
24561375	Cascade Platinum Plus ActionPacs Dishwashing Detergent Pods, Fresh Scent, 47 Pods/Box (57893/6156)	Cascade Platinum Plus ActionPacs Dishwashing Detergent Pods, Fresh Scent, 47 Pods/Box (57893/6156)	57893/6156
24561375	CASCADE PLAT PLUS	Cascade Platinum Plus ActionPacs Dishwashing Detergent Pods, Fresh Scent, 47 Pods/Box (57893/6156)	57893/6156
24562505	Dawn Platinum Dish Soap, Refreshing Rain, 54.8 fl. oz., 2/Pack (04504)	Dawn Platinum Liquid Dish Soap, Refreshing Rain, 54.8 oz., 2/Pack (04504)	4504
24563597	$200 VISA + $7.95	$200 VISA + $7.95	
24564427	Dunkin Original Blend Coffee Keurig KCu	Dunkin' Original Blend Coffee Keurig® K-Cup® Pods, Medium Roast, 176/Case (006933)	006933CT
24564427	Dunkin' Original Blend Coffee Keurig® K-Cup® Pods, Medium Roast, 176/Case (006933)	Dunkin' Original Blend Coffee Keurig® K-Cup® Pods, Medium Roast, 176/Case (006933)	006933CT
24566070	ALTEC KIDS ANC WRL	Altec Lansing Kid-Safe ANC Wired/Wireless Active Noise Canceling On-Ear, Bluetooth, Blackout Electric Purple (MZX4500-BOPUR)	MZX4500-BOPUR
24572587	j5create 5.9' USB C to USB C Power Cable, Male to Male, Black (JUCX25L18)	j5create 5.9' USB C to USB C Power Cable, Male to Male, Black (JUCX25L18)	JUCX25L18
24572587	J5 USBC 100W SYNC	j5create 5.9' USB C to USB C Power Cable, Male to Male, Black (JUCX25L18)	JUCX25L18
24573908	j5create 65W USB-C 2-Port GaN PD Charger, White (JUP2465)	j5create 65W USB-C 2-Port GaN PD Charger, White (JUP2465)	JUP2465
24573908	65W GAN SLIM PD3.0	j5create 65W USB-C 2-Port GaN PD Charger, White (JUP2465)	JUP2465
24573914	j5create 100W USB Type-C Charger, Black (JUP2290C)	j5create 100W USB Type-C Charger, Black (JUP2290C)	JUP2290C
24579067	TRU RED™ 8.5" x 11" Copy Paper, 20 lbs., 92 Brightness, 600 Sheets/Ream, 6 Reams/Carton (TR62091)	TRU RED™ 8.5" x 11" Copy Paper, 20 lbs., 92 Brightness, 600 Sheets/Ream, 6 Reams/Carton (TR62091)	TR62091
24580006	Bose QuietComfort Wireless Noise Canceling Earbuds, Black (882826-0010)	Bose QuietComfort Wireless Noise Canceling Earbuds, Black (882826-0010)	882826-0010
24580006	BOSE QC ULTRA EARB	Bose QuietComfort Wireless Noise Canceling Earbuds, Black (882826-0010)	882826-0010
24580025	Apple AirPods Pro (2nd Generation) with MagSafe Charging Case USB‑C, White (MTJV3LL/A)	Apple AirPods Pro (2nd Generation) with MagSafe Charging Case USB‑C, White (MTJV3LL/A)	MTJV3LL/A
24580025	APPLE AIRPODS PRO	Apple AirPods Pro (2nd Generation) with MagSafe Charging Case USB‑C, White (MTJV3LL/A)	MTJV3LL/A
24580119	SD AY25 WC ABSTRAC	SD AY25 WC ABSTRAC	
24581798	RIP STOP RPO BLACK	3Brand Russell Wilson Pro Nike Laptop Backpack, Medium, Black/Green (9AT047-023)	9AT047-023
24583375	PS5 SLIM SPIDER-MA	PS5 SLIM SPIDER-MA	
24584663	Staples TECH USB-C to USB-C Charging Cable, 6.5 ft., White (ST62335)	Staples TECH USB-C to USB-C Charging Cable, 6.5 ft., White (ST62335)	ST62335
24584663	STPLS TECH USBC-C	Staples TECH USB-C to USB-C Charging Cable, 6.5 ft., White (ST62335)	ST62335
24584664	Staples TECH USB-C to USB-C Charging Cable, 9.8 ft., White (ST62336)	Staples TECH USB-C to USB-C Charging Cable, 9.8 ft., White (ST62336)	ST62336
24584664	STPLS TECH C-C BRA	Staples TECH USB-C to USB-C Charging Cable, 9.8 ft., White (ST62336)	ST62336
24585052	STPLS PROGEL SINGL	Staples ProGel™ Retractable Gel Pen, Fine Point, 0.7mm, Blue Ink (ST62342)	ST62342-CC
24589050	Sharpie Stick Highlighter, Chisel Tip, Yellow, 4/Pack (1770695)	Sharpie Stick Highlighter, Chisel Tip, Yellow, 4/Pack (1770695)	1770695
24589050	SHARPIE HL POCKET	Sharpie Stick Highlighter, Chisel Tip, Yellow, 4/Pack (1770695)	1770695
24590699	Astrobrights Colored Paper, 24 lbs., 8.5" x 11", Assorted Galactic Blues, 100 Sheets/Ream (91529)	Astrobrights Colored Paper, 24 lbs., 8.5" x 11", Assorted Galactic Blues, 100 Sheets/Ream (91529)	91529
24590914	POKEMON CARDS	POKEMON CARDS	
24591315	BOSE QUIETCOM HEAD	Bose QuietComfort Bluetooth Wireless Active Noise Cancelling Over-the-Ear Headphones, Black (884367-0100)	884367-0100
24592535	360 Electrical Fluid USB-C to USB-C Charging Cable, 5 ft., Powder (3E0793-PDW8NA)	360 Electrical Fluid USB-C to USB-C Charging Cable, 5 ft., Powder (3E0793-PDW8NA)	3E0793-PDW8NA
24592535	360 5FT C-C CABLE	360 Electrical Fluid USB-C to USB-C Charging Cable, 5 ft., Powder (3E0793-PDW8NA)	3E0793-PDW8NA
24592536	360 Electrical Fluid USB-C to USB-C Charging Cable, 5 ft., Granite (3E0793-GRG8NA)	360 Electrical Fluid USB-C to USB-C Charging Cable, 5 ft., Granite (3E0793-GRG8NA)	3E0793-GRG8NA
24592536	360 5FT C-C CABLE	360 Electrical Fluid USB-C to USB-C Charging Cable, 5 ft., Granite (3E0793-GRG8NA)	3E0793-GRG8NA
24592780	SKITTLES GUMMIES O	SKITTLES GUMMIES O	
24592783	EXTRA POLAR ICE 15	EXTRA POLAR ICE 15	
24592784	EXTRA PEPPERMINT	EXTRA PEPPERMINT	
24592836	HP COLOR LJPRO MFP	HP LaserJet Pro MFP 3301fdw Wireless Color All-In-One Laser Printer, Print, Scan, Copy, Fax, Best for Office (499Q5F)	499Q5F#BGJ
24593284	GREENMADE 27G BLK/		
24595414	Original HP 218X Black High-yield Toner Cartridge, print up to 3,200 pages (W2180X)	HP 218X Black High Yield Toner Cartridge, Prints Up to 3200 Pages (W2180X)	W2180X
24596385	HERSHEY MLK CHC HR	HERSHEY MLK CHC HR	
24599156	Flipside Tri-Fold Project Board, 48" x 36", Corrugated Paper, White, 4/Pack (18042)	Flipside Tri-Fold Project Board, 48" x 36", Corrugated Paper, White, 4/Pack (18042)	18042
24600082	BOX LOCK 6 PACK 2	Scotch Box Lock Heavy Duty Packing Tape, 1.88" x 38.2 yds., Clear, 8/Pack (3950S-6-2BR6GC)	3950S-6-2BR6GC
24608319	DUNKIN ORIGINAL BL	DUNKIN ORIGINAL BL	
24612191	SOUR PATCH KIDS BU	SOUR PATCH KIDS BU	
24612526	Samsonite Proxis 22" Hardside Carry-On Suitcase, 8-Wheeled Spinner, Honey Gold (141845-6856)	Samsonite Proxis 22" Hardside Carry-On Suitcase, 8-Wheeled Spinner, Honey Gold (141845-6856)	141845-6856
24612530	Samsonite Proxis 31" Hardside Suitcase, 8-Wheeled Spinner, Silver (141847-1776)	Samsonite Proxis 31" Hardside Suitcase, 8-Wheeled Spinner, Silver (141847-1776)	141847-1776
24612532	Samsonite Proxis 32" Hardside Suitcase, 8-Wheeled Spinner, Black (141848-1041)	Samsonite Proxis 32" Hardside Suitcase, 8-Wheeled Spinner, Black (141848-1041)	141848-1041
24612534	Samsonite Proxis 22" Hardside Carry-On Suitcase, 8-Wheeled Spinner, Pretol Blue (141845-1686)	Samsonite Proxis 22" Hardside Carry-On Suitcase, 8-Wheeled Spinner, Pretol Blue (141845-1686)	141845-1686
24615808	TURBOTAX HOME & BU	TurboTax Home & Business 2024 for 1 User, Windows/Mac, Product Key Card (5109009)	5109009
24626384	FIVESTAR POLY COMP	FIVESTAR POLY COMP	
24631634	Scotch Sure Start Packing Tape, 1.88" x 54.6 yds., Clear (3450)	Scotch Sure Start Packing Tape, 1.88" x 54.6 yds., Clear (3450)	3450
24645505	POST-IT SS 3X3 APP	Post-it Super Sticky Notes, 3" x 3", Assorted Bright Colors, 70 Sheets/Pad, 8 Pads/Pack (654-8SSAP)	654-8SSAP
24646699	PNY Attaché 3 16GB USB 2.0 Type A Flash Drive, Black (P-FD16GATT3-BG)	PNY Attaché 3 16GB USB 2.0 Type A Flash Drive, Black (P-FD16GATT3-BG)	P-FD16GATT3-BG
24646699	PNY 16GB ATTACHE 3	PNY Attaché 3 16GB USB 2.0 Type A Flash Drive, Black (P-FD16GATT3-BG)	P-FD16GATT3-BG